# Time	[Fraction_X]	[Nrf2]	[Nrf2_modified]	[Nrf2_unmodified]	[Srxn1]	
0	0.001	0.00639856	6.39856e-06	0.00639216	0	
0.48	0.0439485	0.335533	0.0147462	0.320787	0.0130615	
0.96	0.615254	0.623705	0.383737	0.239968	0.116408	
1.44	0.799161	0.884233	0.706645	0.177588	0.174968	
1.92	0.749637	1.11491	0.835781	0.279133	0.246901	
2.4	0.697674	1.3152	0.917581	0.397619	0.349421	
2.88	0.649209	1.48703	0.965394	0.521636	0.485043	
3.36	0.604109	1.63341	0.986761	0.646653	0.65442	
3.84	0.562142	1.75753	0.98798	0.769546	0.857145	
4.32	0.523091	1.86233	0.974168	0.888162	1.09208	
4.8	0.486752	1.95047	0.949393	1.00107	1.35758	
5.28	0.452938	2.02424	0.916854	1.10738	1.65172	
5.76	0.421473	2.08565	0.879043	1.2066	1.97237	
6.24	0.392193	2.13641	0.837888	1.29853	2.31731	
6.72	0.364948	2.17803	0.794867	1.38316	2.68434	
7.2	0.339596	2.21177	0.751107	1.46066	3.07126	
7.68	0.316004	2.23874	0.707452	1.53129	3.47598	
8.16	0.294052	2.25989	0.664525	1.59537	3.89649	
8.64	0.273624	2.27603	0.622777	1.65325	4.33088	
9.12	0.254616	2.28786	0.582526	1.70534	4.77737	
9.6	0.236928	2.29599	0.543983	1.752	5.23431	
10.08	0.220469	2.30092	0.50728	1.79364	5.70015	
10.56	0.205153	2.3031	0.472487	1.83061	6.17347	
11.04	0.190901	2.30291	0.439628	1.86328	6.65297	
11.52	0.177639	2.30068	0.408691	1.89199	7.13744	
12	0.165299	2.29668	0.379638	1.91704	7.62577	
12.48	0.153816	2.29115	0.352415	1.93873	8.11696	
12.96	0.14313	2.28429	0.326951	1.95734	8.61009	
13.44	0.133187	2.27629	0.303172	1.97311	9.1043	
13.92	0.123935	2.26728	0.280994	1.98628	9.59883	
14.4	0.115325	2.25739	0.260334	1.99706	10.093	
14.88	0.107314	2.24674	0.241105	2.00563	10.5861	
15.36	0.0998586	2.23541	0.223225	2.01218	11.0776	
15.84	0.0929215	2.22348	0.206609	2.01687	11.567	
16.32	0.0864663	2.21103	0.19118	2.01985	12.0538	
16.8	0.0804596	2.1981	0.176859	2.02125	12.5375	
17.28	0.0748701	2.18476	0.163573	2.02119	13.0178	
17.76	0.069669	2.17103	0.151254	2.01978	13.4942	
18.24	0.0648291	2.15696	0.139834	2.01713	13.9664	
18.72	0.0603255	2.14258	0.129252	2.01333	14.4342	
19.2	0.0561348	2.12791	0.11945	2.00846	14.8973	
19.68	0.0522351	2.11298	0.110372	2.00261	15.3553	
20.16	0.0486064	2.0978	0.101967	1.99584	15.8081	
20.64	0.0452298	2.0824	0.0941865	1.98822	16.2555	
21.12	0.0420877	2.06679	0.0869863	1.9798	16.6973	
21.6	0.0391639	2.05098	0.0803242	1.97065	17.1333	
22.08	0.0364432	2.03498	0.074161	1.96081	17.5633	
22.56	0.0339115	2.0188	0.0684606	1.95034	17.9872	
23.04	0.0315557	2.00245	0.0631889	1.93927	18.405	
23.52	0.0293636	1.98595	0.0583147	1.92764	18.8163	
24	0.0273237	1.9693	0.0538085	1.91549	19.2213	
24.48	0.0254256	1.9525	0.0496434	1.90286	19.6197	
24.96	0.0236593	1.93556	0.045794	1.88977	20.0116	
25.44	0.0220157	1.9185	0.042237	1.87626	20.3967	
25.92	0.0204863	1.9013	0.0389506	1.86235	20.7751	
26.4	0.0190631	1.88399	0.0359148	1.84808	21.1467	
26.88	0.0177388	1.86657	0.0331107	1.83346	21.5114	
27.36	0.0165065	1.84903	0.0305211	1.81851	21.8691	
27.84	0.0153598	1.8314	0.02813	1.80327	22.2198	
28.32	0.0142928	1.81367	0.0259224	1.78774	22.5631	
28.8	0.0132999	1.79584	0.0238845	1.77196	22.8988	
29.28	0.012376	1.77793	0.0220036	1.75593	23.2258	
29.76	0.0115162	1.75994	0.0202678	1.73967	23.5422	
30.24	0.0107162	1.74187	0.0186662	1.72321	23.8438	
30.72	0.00997174	1.72374	0.0171886	1.70655	24.122	
31.2	0.00927901	1.70553	0.0158257	1.68971	24.361	
31.68	0.00863441	1.68727	0.0145686	1.67271	24.5364	
32.16	0.00803458	1.66896	0.0134094	1.65555	24.624	
32.64	0.00747643	1.6506	0.0123406	1.63826	24.6175	
33.12	0.00695705	1.63219	0.0113552	1.62084	24.536	
33.6	0.00647375	1.61375	0.010447	1.60331	24.408	
34.08	0.00602402	1.59528	0.00961001	1.58567	24.2562	
34.56	0.00560554	1.57679	0.00883873	1.56795	24.0937	
35.04	0.00521613	1.55827	0.00812814	1.55014	23.9271	
35.52	0.00485377	1.53974	0.00747355	1.53227	23.7593	
36	0.00451658	1.52121	0.00687065	1.51434	23.5917	
36.48	0.00420282	1.50267	0.00631544	1.49635	23.425	
36.96	0.00391085	1.48413	0.00580423	1.47833	23.2593	
37.44	0.00363917	1.46561	0.00533361	1.46028	23.0948	
37.92	0.00338636	1.4471	0.00490041	1.4422	22.9315	
38.4	0.00315111	1.42862	0.00450173	1.42412	22.7694	
38.88	0.00293221	1.41016	0.00413488	1.40602	22.6085	
39.36	0.00272851	1.39173	0.00379736	1.38794	22.4488	
39.84	0.00253896	1.37335	0.00348687	1.36986	22.2903	
40.32	0.00236258	1.355	0.00320131	1.3518	22.133	
40.8	0.00219846	1.33671	0.0029387	1.33377	21.977	
41.28	0.00204573	1.31848	0.00269725	1.31578	21.822	
41.76	0.00190362	1.3003	0.00247527	1.29783	21.6683	
42.24	0.00177137	1.28219	0.00227124	1.27992	21.5157	
42.72	0.00164832	1.26416	0.00208373	1.26207	21.3643	
43.2	0.00153381	1.2462	0.00191143	1.24428	21.214	
43.68	0.00142726	1.22832	0.00175313	1.22657	21.0648	
44.16	0.00132811	1.21053	0.00160771	1.20892	20.9168	
44.64	0.00123585	1.19283	0.00147415	1.19136	20.7699	
45.12	0.00114999	1.17523	0.0013515	1.17388	20.6241	
45.6	0.0010701	1.15773	0.00123889	1.15649	20.4794	
46.08	0.000995764	1.14033	0.0011355	1.1392	20.3357	
46.56	0.000926589	1.12305	0.00104061	1.12201	20.1932	
47.04	0.00086222	1.10588	0.000953515	1.10493	20.0517	
47.52	0.000802322	1.08883	0.000873596	1.08796	19.9113	
48	0.000746586	1.07191	0.000800271	1.07111	19.772	
nan	nan	nan	nan	nan	nan	
0	0.001	0.00639856	6.39856e-06	0.00639216	0	
0.48	0.0439485	0.335533	0.0147462	0.320787	0.0137349	
0.96	0.615254	0.623705	0.383737	0.239968	0.144865	
1.44	0.799161	0.884233	0.706645	0.177588	0.217796	
1.92	0.749637	1.11491	0.835782	0.279133	0.308137	
2.4	0.697674	1.3152	0.917581	0.397619	0.438264	
2.88	0.649209	1.48703	0.965394	0.521636	0.611449	
3.36	0.604109	1.63341	0.986761	0.646653	0.828539	
3.84	0.562142	1.75753	0.98798	0.769546	1.089	
4.32	0.523091	1.86233	0.974168	0.888162	1.39136	
4.8	0.486752	1.95046	0.949393	1.00107	1.73349	
5.28	0.452938	2.02424	0.916854	1.10738	2.11286	
5.76	0.421473	2.08565	0.879043	1.2066	2.52671	
6.24	0.392193	2.13641	0.837887	1.29853	2.97217	
6.72	0.364948	2.17803	0.794867	1.38316	3.44636	
7.2	0.339596	2.21177	0.751107	1.46066	3.94645	
7.68	0.316004	2.23874	0.707452	1.53129	4.46969	
8.16	0.294052	2.25989	0.664524	1.59537	5.01347	
8.64	0.273624	2.27603	0.622777	1.65325	5.57532	
9.12	0.254616	2.28786	0.582526	1.70534	6.15293	
9.6	0.236928	2.29599	0.543983	1.752	6.74414	
10.08	0.220469	2.30092	0.50728	1.79364	7.34695	
10.56	0.205153	2.3031	0.472488	1.83061	7.9595	
11.04	0.190901	2.30291	0.439629	1.86329	8.5801	
11.52	0.177639	2.30068	0.408692	1.89199	9.20718	
12	0.165299	2.29668	0.379639	1.91704	9.83931	
12.48	0.153816	2.29115	0.352415	1.93874	10.4752	
12.96	0.14313	2.28429	0.326952	1.95734	11.1136	
13.44	0.133187	2.27629	0.303172	1.97312	11.7534	
13.92	0.123935	2.26728	0.280995	1.98628	12.3937	
14.4	0.115325	2.25739	0.260334	1.99706	13.0335	
14.88	0.107314	2.24674	0.241105	2.00563	13.6719	
15.36	0.0998586	2.23541	0.223225	2.01218	14.3084	
15.84	0.0929215	2.22348	0.206609	2.01687	14.942	
16.32	0.0864663	2.21103	0.19118	2.01985	15.5723	
16.8	0.0804596	2.1981	0.176859	2.02125	16.1986	
17.28	0.0748701	2.18476	0.163573	2.02119	16.8204	
17.76	0.069669	2.17103	0.151254	2.01978	17.4373	
18.24	0.0648291	2.15696	0.139834	2.01713	18.0488	
18.72	0.0603255	2.14258	0.129252	2.01333	18.6545	
19.2	0.0561348	2.12791	0.11945	2.00846	19.254	
19.68	0.0522351	2.11298	0.110372	2.00261	19.8471	
20.16	0.0486064	2.0978	0.101967	1.99584	20.4334	
20.64	0.0452298	2.0824	0.0941865	1.98821	21.0126	
21.12	0.0420877	2.06679	0.0869863	1.9798	21.5846	
21.6	0.0391639	2.05097	0.0803241	1.97065	22.149	
22.08	0.0364432	2.03497	0.074161	1.96081	22.7058	
22.56	0.0339115	2.0188	0.0684605	1.95034	23.2546	
23.04	0.0315557	2.00245	0.0631889	1.93927	23.7954	
23.52	0.0293636	1.98595	0.0583146	1.92764	24.3279	
24	0.0273237	1.9693	0.0538085	1.91549	24.8521	
24.48	0.0254256	1.9525	0.0496434	1.90285	25.3679	
24.96	0.0236593	1.93556	0.045794	1.88977	25.875	
25.44	0.0220157	1.9185	0.042237	1.87626	26.3735	
25.92	0.0204863	1.9013	0.0389506	1.86235	26.8633	
26.4	0.0190631	1.88399	0.0359148	1.84808	27.3442	
26.88	0.0177388	1.86657	0.0331107	1.83346	27.8161	
27.36	0.0165065	1.84903	0.0305211	1.81851	28.279	
27.84	0.0153598	1.8314	0.02813	1.80327	28.7328	
28.32	0.0142928	1.81367	0.0259224	1.78774	29.1771	
28.8	0.0132999	1.79584	0.0238845	1.77196	29.6113	
29.28	0.012376	1.77793	0.0220036	1.75593	30.0344	
29.76	0.0115162	1.75994	0.0202678	1.73967	30.4436	
30.24	0.0107162	1.74187	0.0186662	1.72321	30.8337	
30.72	0.00997174	1.72374	0.0171887	1.70655	31.1934	
31.2	0.00927901	1.70553	0.0158257	1.68971	31.5022	
31.68	0.00863441	1.68727	0.0145686	1.67271	31.7282	
32.16	0.00803458	1.66896	0.0134094	1.65555	31.84	
32.64	0.00747643	1.6506	0.0123406	1.63826	31.8296	
33.12	0.00695705	1.63219	0.0113553	1.62084	31.7217	
33.6	0.00647375	1.61375	0.010447	1.60331	31.5534	
34.08	0.00602402	1.59528	0.00961002	1.58567	31.3542	
34.56	0.00560554	1.57679	0.00883874	1.56795	31.141	
35.04	0.00521613	1.55827	0.00812814	1.55014	30.9225	
35.52	0.00485377	1.53974	0.00747355	1.53227	30.7025	
36	0.00451658	1.52121	0.00687065	1.51434	30.4828	
36.48	0.00420282	1.50267	0.00631544	1.49635	30.2642	
36.96	0.00391085	1.48413	0.00580423	1.47833	30.047	
37.44	0.00363917	1.46561	0.00533361	1.46028	29.8313	
37.92	0.00338636	1.4471	0.00490041	1.4422	29.6172	
38.4	0.00315111	1.42862	0.00450173	1.42412	29.4047	
38.88	0.00293221	1.41016	0.00413488	1.40602	29.1938	
39.36	0.00272851	1.39173	0.00379736	1.38794	28.9844	
39.84	0.00253896	1.37335	0.00348687	1.36986	28.7767	
40.32	0.00236258	1.355	0.00320131	1.3518	28.5705	
40.8	0.00219846	1.33671	0.0029387	1.33377	28.3659	
41.28	0.00204573	1.31848	0.00269725	1.31578	28.1628	
41.76	0.00190362	1.3003	0.00247527	1.29783	27.9612	
42.24	0.00177137	1.28219	0.00227124	1.27992	27.7612	
42.72	0.00164832	1.26416	0.00208373	1.26207	27.5626	
43.2	0.00153381	1.2462	0.00191143	1.24428	27.3656	
43.68	0.00142726	1.22832	0.00175313	1.22657	27.1701	
44.16	0.00132811	1.21053	0.00160771	1.20892	26.976	
44.64	0.00123585	1.19283	0.00147415	1.19136	26.7834	
45.12	0.00114999	1.17523	0.0013515	1.17388	26.5922	
45.6	0.0010701	1.15773	0.00123889	1.15649	26.4025	
46.08	0.000995764	1.14033	0.0011355	1.1392	26.2142	
46.56	0.000926589	1.12305	0.00104061	1.12201	26.0274	
47.04	0.00086222	1.10588	0.000953514	1.10493	25.8419	
47.52	0.000802322	1.08883	0.000873595	1.08796	25.6578	
48	0.000746586	1.07191	0.00080027	1.07111	25.4752	
nan	nan	nan	nan	nan	nan	
0	0.001	0.00639856	6.39856e-06	0.00639216	0	
0.48	0.0439485	0.335533	0.0147462	0.320787	0.0144085	
0.96	0.615254	0.623705	0.383737	0.239968	0.173322	
1.44	0.799161	0.884233	0.706645	0.177588	0.260626	
1.92	0.749637	1.11491	0.835782	0.279133	0.369375	
2.4	0.697674	1.3152	0.917581	0.397619	0.52711	
2.88	0.649209	1.48703	0.965394	0.521636	0.737857	
3.36	0.604109	1.63341	0.986761	0.646653	1.00266	
3.84	0.562142	1.75753	0.98798	0.769546	1.32086	
4.32	0.523091	1.86233	0.974168	0.888162	1.69065	
4.8	0.486752	1.95047	0.949393	1.00107	2.1094	
5.28	0.452938	2.02424	0.916854	1.10738	2.574	
5.76	0.421473	2.08565	0.879043	1.2066	3.08106	
6.24	0.392193	2.13641	0.837887	1.29853	3.62704	
6.72	0.364948	2.17803	0.794867	1.38316	4.2084	
7.2	0.339596	2.21177	0.751107	1.46066	4.82164	
7.68	0.316004	2.23874	0.707451	1.53129	5.4634	
8.16	0.294052	2.25989	0.664524	1.59536	6.13045	
8.64	0.273624	2.27603	0.622776	1.65325	6.81977	
9.12	0.254616	2.28786	0.582525	1.70533	7.52849	
9.6	0.236928	2.29598	0.543982	1.752	8.25397	
10.08	0.220469	2.30092	0.50728	1.79364	8.99374	
10.56	0.205153	2.3031	0.472487	1.83061	9.74552	
11.04	0.190901	2.30291	0.439628	1.86328	10.5072	
11.52	0.177639	2.30068	0.408691	1.89199	11.2769	
12	0.165299	2.29668	0.379638	1.91704	12.0528	
12.48	0.153816	2.29115	0.352415	1.93873	12.8334	
12.96	0.14313	2.28429	0.326951	1.95734	13.617	
13.44	0.133187	2.27628	0.303172	1.97311	14.4025	
13.92	0.123935	2.26727	0.280994	1.98628	15.1885	
14.4	0.115325	2.25739	0.260334	1.99706	15.9739	
14.88	0.107314	2.24674	0.241105	2.00563	16.7578	
15.36	0.0998586	2.23541	0.223225	2.01218	17.5391	
15.84	0.0929215	2.22348	0.206609	2.01687	18.317	
16.32	0.0864663	2.21103	0.19118	2.01985	19.0908	
16.8	0.0804596	2.1981	0.176859	2.02125	19.8597	
17.28	0.0748701	2.18476	0.163573	2.02119	20.6231	
17.76	0.069669	2.17103	0.151254	2.01978	21.3804	
18.24	0.0648291	2.15696	0.139834	2.01713	22.1311	
18.72	0.0603255	2.14258	0.129252	2.01333	22.8747	
19.2	0.0561348	2.12791	0.11945	2.00846	23.6108	
19.68	0.0522351	2.11298	0.110372	2.00261	24.3388	
20.16	0.0486064	2.09781	0.101967	1.99584	25.0586	
20.64	0.0452298	2.0824	0.0941866	1.98822	25.7697	
21.12	0.0420877	2.06679	0.0869863	1.9798	26.4718	
21.6	0.0391639	2.05098	0.0803242	1.97065	27.1648	
22.08	0.0364432	2.03498	0.074161	1.96081	27.8482	
22.56	0.0339115	2.0188	0.0684606	1.95034	28.5219	
23.04	0.0315557	2.00245	0.0631889	1.93927	29.1857	
23.52	0.0293636	1.98595	0.0583147	1.92764	29.8394	
24	0.0273237	1.9693	0.0538085	1.91549	30.4829	
24.48	0.0254256	1.9525	0.0496434	1.90286	31.116	
24.96	0.0236593	1.93556	0.045794	1.88977	31.7385	
25.44	0.0220157	1.9185	0.042237	1.87626	32.3503	
25.92	0.0204863	1.9013	0.0389506	1.86235	32.9514	
26.4	0.0190631	1.88399	0.0359148	1.84808	33.5416	
26.88	0.0177388	1.86657	0.0331107	1.83346	34.1208	
27.36	0.0165065	1.84903	0.0305211	1.81851	34.6889	
27.84	0.0153598	1.8314	0.02813	1.80327	35.2458	
28.32	0.0142928	1.81367	0.0259224	1.78774	35.791	
28.8	0.0132999	1.79584	0.0238845	1.77196	36.3238	
29.28	0.012376	1.77793	0.0220036	1.75593	36.8429	
29.76	0.0115162	1.75994	0.0202678	1.73967	37.345	
30.24	0.0107162	1.74187	0.0186662	1.72321	37.8236	
30.72	0.00997174	1.72374	0.0171886	1.70655	38.2648	
31.2	0.00927901	1.70553	0.0158257	1.68971	38.6431	
31.68	0.00863441	1.68727	0.0145686	1.6727	38.9199	
32.16	0.00803458	1.66896	0.0134094	1.65555	39.056	
32.64	0.00747643	1.6506	0.0123406	1.63826	39.0417	
33.12	0.00695705	1.63219	0.0113552	1.62084	38.9074	
33.6	0.00647375	1.61375	0.010447	1.60331	38.6988	
34.08	0.00602402	1.59528	0.00961001	1.58567	38.4521	
34.56	0.00560554	1.57678	0.00883873	1.56795	38.1883	
35.04	0.00521613	1.55827	0.00812813	1.55014	37.9179	
35.52	0.00485377	1.53974	0.00747354	1.53227	37.6457	
36	0.00451658	1.5212	0.00687064	1.51433	37.3739	
36.48	0.00420282	1.50267	0.00631544	1.49635	37.1035	
36.96	0.00391085	1.48413	0.00580423	1.47833	36.8347	
37.44	0.00363917	1.46561	0.0053336	1.46028	36.5679	
37.92	0.00338636	1.4471	0.00490041	1.4422	36.303	
38.4	0.00315111	1.42862	0.00450173	1.42411	36.0401	
38.88	0.00293221	1.41016	0.00413487	1.40602	35.7791	
39.36	0.00272851	1.39173	0.00379735	1.38793	35.5201	
39.84	0.00253896	1.37335	0.00348687	1.36986	35.2631	
40.32	0.00236258	1.355	0.00320131	1.3518	35.008	
40.8	0.00219846	1.33671	0.0029387	1.33377	34.7548	
41.28	0.00204573	1.31848	0.00269725	1.31578	34.5035	
41.76	0.00190362	1.3003	0.00247527	1.29782	34.2542	
42.24	0.00177137	1.28219	0.00227124	1.27992	34.0067	
42.72	0.00164832	1.26415	0.00208373	1.26207	33.761	
43.2	0.00153381	1.24619	0.00191143	1.24428	33.5173	
43.68	0.00142726	1.22832	0.00175313	1.22656	33.2753	
44.16	0.00132811	1.21053	0.00160771	1.20892	33.0352	
44.64	0.00123585	1.19283	0.00147415	1.19135	32.7969	
45.12	0.00114999	1.17523	0.0013515	1.17388	32.5604	
45.6	0.0010701	1.15773	0.00123889	1.15649	32.3257	
46.08	0.000995764	1.14033	0.0011355	1.1392	32.0927	
46.56	0.000926589	1.12305	0.00104061	1.12201	31.8615	
47.04	0.00086222	1.10588	0.000953513	1.10493	31.6321	
47.52	0.000802322	1.08883	0.000873594	1.08796	31.4044	
48	0.000746586	1.07191	0.000800269	1.0711	31.1784	
nan	nan	nan	nan	nan	nan	
0	0.001	0.00639856	6.39856e-06	0.00639216	0	
0.48	0.0439485	0.335533	0.0147462	0.320787	0.015082	
0.96	0.615254	0.623705	0.383737	0.239968	0.20178	
1.44	0.799161	0.884233	0.706645	0.177588	0.303455	
1.92	0.749637	1.11491	0.835782	0.279133	0.43061	
2.4	0.697674	1.3152	0.917581	0.397619	0.615954	
2.88	0.649209	1.48703	0.965394	0.521636	0.864262	
3.36	0.604109	1.63341	0.986761	0.646653	1.17678	
3.84	0.562142	1.75753	0.98798	0.769546	1.55272	
4.32	0.523091	1.86233	0.974168	0.888162	1.98993	
4.8	0.486752	1.95047	0.949393	1.00107	2.4853	
5.28	0.452938	2.02424	0.916854	1.10738	3.03514	
5.76	0.421473	2.08565	0.879043	1.2066	3.6354	
6.24	0.392193	2.13641	0.837887	1.29853	4.28191	
6.72	0.364948	2.17803	0.794867	1.38316	4.97043	
7.2	0.339596	2.21177	0.751107	1.46066	5.69683	
7.68	0.316004	2.23874	0.707452	1.53129	6.45711	
8.16	0.294052	2.25989	0.664524	1.59537	7.24745	
8.64	0.273624	2.27603	0.622777	1.65325	8.06422	
9.12	0.254616	2.28786	0.582525	1.70534	8.90407	
9.6	0.236928	2.29598	0.543982	1.752	9.76382	
10.08	0.220469	2.30092	0.50728	1.79364	10.6406	
10.56	0.205153	2.3031	0.472487	1.83061	11.5316	
11.04	0.190901	2.30291	0.439628	1.86328	12.4344	
11.52	0.177639	2.30068	0.408691	1.89199	13.3467	
12	0.165299	2.29668	0.379638	1.91704	14.2664	
12.48	0.153816	2.29115	0.352415	1.93873	15.1916	
12.96	0.14313	2.28429	0.326951	1.95734	16.1205	
13.44	0.133187	2.27629	0.303172	1.97311	17.0516	
13.92	0.123935	2.26728	0.280994	1.98628	17.9833	
14.4	0.115325	2.25739	0.260334	1.99706	18.9144	
14.88	0.107314	2.24674	0.241105	2.00563	19.8436	
15.36	0.0998586	2.23541	0.223225	2.01218	20.7698	
15.84	0.0929215	2.22348	0.206609	2.01687	21.692	
16.32	0.0864663	2.21103	0.19118	2.01985	22.6093	
16.8	0.0804596	2.1981	0.176859	2.02125	23.5208	
17.28	0.0748701	2.18476	0.163573	2.02119	24.4258	
17.76	0.069669	2.17103	0.151254	2.01978	25.3236	
18.24	0.0648291	2.15696	0.139834	2.01713	26.2135	
18.72	0.0603255	2.14258	0.129252	2.01333	27.095	
19.2	0.0561348	2.12791	0.11945	2.00846	27.9675	
19.68	0.0522351	2.11298	0.110372	2.00261	28.8306	
20.16	0.0486064	2.0978	0.101967	1.99584	29.6839	
20.64	0.0452298	2.0824	0.0941866	1.98822	30.5268	
21.12	0.0420877	2.06679	0.0869863	1.9798	31.3591	
21.6	0.0391639	2.05098	0.0803242	1.97065	32.1805	
22.08	0.0364432	2.03498	0.074161	1.96081	32.9907	
22.56	0.0339115	2.0188	0.0684606	1.95034	33.7893	
23.04	0.0315557	2.00245	0.0631889	1.93927	34.5761	
23.52	0.0293636	1.98595	0.0583147	1.92764	35.351	
24	0.0273237	1.9693	0.0538085	1.91549	36.1137	
24.48	0.0254256	1.9525	0.0496434	1.90286	36.8641	
24.96	0.0236593	1.93556	0.045794	1.88977	37.6019	
25.44	0.0220157	1.9185	0.042237	1.87626	38.3271	
25.92	0.0204863	1.9013	0.0389506	1.86235	39.0396	
26.4	0.0190631	1.88399	0.0359148	1.84808	39.7391	
26.88	0.0177388	1.86657	0.0331107	1.83346	40.4256	
27.36	0.0165065	1.84903	0.0305211	1.81851	41.0989	
27.84	0.0153598	1.8314	0.02813	1.80327	41.7589	
28.32	0.0142928	1.81367	0.0259224	1.78774	42.405	
28.8	0.0132999	1.79584	0.0238845	1.77196	43.0364	
29.28	0.012376	1.77793	0.0220036	1.75593	43.6516	
29.76	0.0115162	1.75994	0.0202678	1.73967	44.2466	
30.24	0.0107162	1.74187	0.0186662	1.72321	44.8136	
30.72	0.00997174	1.72374	0.0171887	1.70655	45.3362	
31.2	0.00927901	1.70553	0.0158257	1.68971	45.7842	
31.68	0.00863441	1.68727	0.0145686	1.67271	46.1116	
32.16	0.00803458	1.66896	0.0134094	1.65555	46.2721	
32.64	0.00747643	1.6506	0.0123406	1.63826	46.2539	
33.12	0.00695705	1.63219	0.0113553	1.62084	46.0931	
33.6	0.00647375	1.61375	0.010447	1.60331	45.8442	
34.08	0.00602402	1.59528	0.00961002	1.58567	45.5501	
34.56	0.00560554	1.57679	0.00883874	1.56795	45.2357	
35.04	0.00521613	1.55827	0.00812814	1.55014	44.9134	
35.52	0.00485377	1.53974	0.00747355	1.53227	44.589	
36	0.00451658	1.52121	0.00687065	1.51434	44.2651	
36.48	0.00420282	1.50267	0.00631544	1.49635	43.9428	
36.96	0.00391085	1.48413	0.00580423	1.47833	43.6225	
37.44	0.00363917	1.46561	0.00533361	1.46028	43.3044	
37.92	0.00338636	1.4471	0.00490041	1.4422	42.9888	
38.4	0.00315111	1.42862	0.00450173	1.42412	42.6754	
38.88	0.00293221	1.41016	0.00413488	1.40602	42.3644	
39.36	0.00272851	1.39173	0.00379736	1.38794	42.0558	
39.84	0.00253896	1.37335	0.00348687	1.36986	41.7494	
40.32	0.00236258	1.355	0.00320131	1.3518	41.4454	
40.8	0.00219846	1.33671	0.0029387	1.33377	41.1437	
41.28	0.00204573	1.31848	0.00269725	1.31578	40.8442	
41.76	0.00190362	1.3003	0.00247527	1.29783	40.547	
42.24	0.00177137	1.28219	0.00227124	1.27992	40.2521	
42.72	0.00164832	1.26416	0.00208373	1.26207	39.9594	
43.2	0.00153381	1.2462	0.00191143	1.24428	39.6688	
43.68	0.00142726	1.22832	0.00175313	1.22657	39.3805	
44.16	0.00132811	1.21053	0.00160771	1.20892	39.0944	
44.64	0.00123585	1.19283	0.00147415	1.19136	38.8104	
45.12	0.00114999	1.17523	0.0013515	1.17388	38.5285	
45.6	0.0010701	1.15773	0.00123889	1.15649	38.2488	
46.08	0.000995764	1.14033	0.0011355	1.1392	37.9712	
46.56	0.000926589	1.12305	0.00104061	1.12201	37.6956	
47.04	0.00086222	1.10588	0.000953515	1.10493	37.4222	
47.52	0.000802322	1.08883	0.000873596	1.08796	37.1508	
48	0.000746586	1.07191	0.000800271	1.07111	36.8815	
nan	nan	nan	nan	nan	nan	
0	0.001	0.00639856	6.39856e-06	0.00639216	0	
0.48	0.0439485	0.335533	0.0147462	0.320787	0.0157554	
0.96	0.615254	0.623705	0.383737	0.239968	0.230237	
1.44	0.799161	0.884233	0.706645	0.177588	0.346282	
1.92	0.749637	1.11491	0.835782	0.279133	0.491845	
2.4	0.697674	1.3152	0.917581	0.397619	0.704797	
2.88	0.649209	1.48703	0.965394	0.521636	0.990668	
3.36	0.604109	1.63341	0.986761	0.646653	1.35089	
3.84	0.562142	1.75753	0.98798	0.769546	1.78458	
4.32	0.523091	1.86233	0.974168	0.888162	2.28921	
4.8	0.486752	1.95047	0.949393	1.00107	2.8612	
5.28	0.452938	2.02424	0.916854	1.10738	3.49627	
5.76	0.421473	2.08564	0.879043	1.2066	4.18975	
6.24	0.392193	2.13641	0.837887	1.29852	4.93677	
6.72	0.364948	2.17803	0.794867	1.38316	5.73246	
7.2	0.339596	2.21177	0.751107	1.46066	6.57202	
7.68	0.316004	2.23874	0.707451	1.53129	7.45082	
8.16	0.294052	2.25989	0.664524	1.59537	8.36443	
8.64	0.273624	2.27603	0.622777	1.65325	9.30867	
9.12	0.254616	2.28786	0.582525	1.70534	10.2796	
9.6	0.236928	2.29599	0.543983	1.752	11.2737	
10.08	0.220469	2.30092	0.50728	1.79364	12.2873	
10.56	0.205153	2.3031	0.472488	1.83061	13.3176	
11.04	0.190901	2.30291	0.439629	1.86329	14.3615	
11.52	0.177639	2.30068	0.408692	1.89199	15.4164	
12	0.165299	2.29668	0.379639	1.91704	16.4799	
12.48	0.153816	2.29115	0.352415	1.93874	17.5498	
12.96	0.14313	2.2843	0.326952	1.95734	18.624	
13.44	0.133187	2.27629	0.303173	1.97312	19.7007	
13.92	0.123935	2.26728	0.280995	1.98629	20.7782	
14.4	0.115325	2.25739	0.260334	1.99706	21.8549	
14.88	0.107314	2.24674	0.241106	2.00563	22.9294	
15.36	0.0998586	2.23541	0.223225	2.01219	24.0005	
15.84	0.0929215	2.22349	0.20661	2.01688	25.067	
16.32	0.0864663	2.21103	0.19118	2.01985	26.1278	
16.8	0.0804596	2.19811	0.176859	2.02125	27.1819	
17.28	0.0748701	2.18476	0.163573	2.02119	28.2285	
17.76	0.069669	2.17104	0.151254	2.01978	29.2667	
18.24	0.0648291	2.15697	0.139834	2.01713	30.2959	
18.72	0.0603255	2.14258	0.129252	2.01333	31.3153	
19.2	0.0561348	2.12792	0.11945	2.00847	32.3243	
19.68	0.0522351	2.11298	0.110372	2.00261	33.3224	
20.16	0.0486064	2.09781	0.101967	1.99584	34.3091	
20.64	0.0452298	2.0824	0.0941866	1.98822	35.2839	
21.12	0.0420877	2.06679	0.0869864	1.9798	36.2465	
21.6	0.0391639	2.05098	0.0803242	1.97065	37.1963	
22.08	0.0364432	2.03498	0.074161	1.96081	38.1331	
22.56	0.0339115	2.0188	0.0684606	1.95034	39.0566	
23.04	0.0315557	2.00245	0.0631889	1.93927	39.9665	
23.52	0.0293636	1.98595	0.0583147	1.92764	40.8626	
24	0.0273237	1.9693	0.0538085	1.91549	41.7445	
24.48	0.0254256	1.9525	0.0496434	1.90286	42.6122	
24.96	0.0236593	1.93556	0.045794	1.88977	43.4654	
25.44	0.0220157	1.9185	0.042237	1.87626	44.304	
25.92	0.0204863	1.9013	0.0389506	1.86235	45.1277	
26.4	0.0190631	1.88399	0.0359147	1.84808	45.9366	
26.88	0.0177388	1.86657	0.0331107	1.83346	46.7303	
27.36	0.0165065	1.84903	0.0305211	1.81851	47.5088	
27.84	0.0153598	1.8314	0.02813	1.80327	48.2719	
28.32	0.0142928	1.81367	0.0259223	1.78774	49.0189	
28.8	0.0132999	1.79584	0.0238845	1.77196	49.749	
29.28	0.012376	1.77793	0.0220036	1.75593	50.4602	
29.76	0.0115162	1.75994	0.0202678	1.73967	51.1481	
30.24	0.0107162	1.74187	0.0186662	1.72321	51.8035	
30.72	0.00997174	1.72374	0.0171886	1.70655	52.4076	
31.2	0.00927901	1.70553	0.0158257	1.68971	52.9254	
31.68	0.00863441	1.68727	0.0145686	1.67271	53.3035	
32.16	0.00803458	1.66896	0.0134094	1.65555	53.4881	
32.64	0.00747643	1.6506	0.0123406	1.63826	53.466	
33.12	0.00695705	1.63219	0.0113552	1.62084	53.2788	
33.6	0.00647375	1.61375	0.010447	1.60331	52.9896	
34.08	0.00602402	1.59528	0.00961001	1.58567	52.6481	
34.56	0.00560554	1.57679	0.00883873	1.56795	52.283	
35.04	0.00521613	1.55827	0.00812814	1.55014	51.9088	
35.52	0.00485377	1.53974	0.00747355	1.53227	51.5322	
36	0.00451658	1.52121	0.00687065	1.51434	51.1562	
36.48	0.00420282	1.50267	0.00631544	1.49635	50.782	
36.96	0.00391085	1.48413	0.00580423	1.47833	50.4101	
37.44	0.00363917	1.46561	0.00533361	1.46028	50.041	
37.92	0.00338636	1.4471	0.00490041	1.4422	49.6745	
38.4	0.00315111	1.42862	0.00450173	1.42412	49.3107	
38.88	0.00293221	1.41016	0.00413488	1.40602	48.9497	
39.36	0.00272851	1.39173	0.00379736	1.38794	48.5914	
39.84	0.00253896	1.37335	0.00348687	1.36986	48.2358	
40.32	0.00236258	1.355	0.00320131	1.3518	47.8828	
40.8	0.00219846	1.33671	0.0029387	1.33377	47.5326	
41.28	0.00204573	1.31848	0.00269725	1.31578	47.1849	
41.76	0.00190362	1.3003	0.00247527	1.29783	46.8399	
42.24	0.00177137	1.28219	0.00227124	1.27992	46.4975	
42.72	0.00164832	1.26416	0.00208373	1.26207	46.1577	
43.2	0.00153381	1.2462	0.00191143	1.24428	45.8204	
43.68	0.00142726	1.22832	0.00175313	1.22657	45.4857	
44.16	0.00132811	1.21053	0.00160771	1.20892	45.1535	
44.64	0.00123585	1.19283	0.00147415	1.19136	44.8239	
45.12	0.00114999	1.17523	0.0013515	1.17388	44.4967	
45.6	0.0010701	1.15773	0.00123889	1.15649	44.1719	
46.08	0.000995764	1.14033	0.0011355	1.1392	43.8496	
46.56	0.000926589	1.12305	0.00104061	1.12201	43.5298	
47.04	0.00086222	1.10588	0.000953514	1.10493	43.2123	
47.52	0.000802322	1.08883	0.000873595	1.08796	42.8973	
48	0.000746586	1.07191	0.00080027	1.07111	42.5846	
nan	nan	nan	nan	nan	nan	
0	0.001	0.00639856	6.39856e-06	0.00639216	0	
0.48	0.0439485	0.335533	0.0147462	0.320787	0.0164288	
0.96	0.615254	0.623705	0.383737	0.239968	0.258694	
1.44	0.799161	0.884233	0.706645	0.177588	0.389111	
1.92	0.749637	1.11491	0.835781	0.279133	0.553082	
2.4	0.697674	1.3152	0.917581	0.397619	0.793641	
2.88	0.649209	1.48703	0.965394	0.521636	1.11707	
3.36	0.604109	1.63341	0.986761	0.646653	1.52501	
3.84	0.562142	1.75753	0.98798	0.769546	2.01644	
4.32	0.523091	1.86233	0.974168	0.888162	2.5885	
4.8	0.486752	1.95047	0.949393	1.00107	3.23711	
5.28	0.452938	2.02424	0.916855	1.10738	3.95741	
5.76	0.421473	2.08565	0.879043	1.2066	4.74409	
6.24	0.392193	2.13641	0.837887	1.29853	5.59163	
6.72	0.364948	2.17803	0.794867	1.38316	6.49449	
7.2	0.339596	2.21177	0.751107	1.46066	7.44721	
7.68	0.316004	2.23874	0.707452	1.53129	8.44453	
8.16	0.294052	2.25989	0.664524	1.59537	9.48141	
8.64	0.273624	2.27603	0.622777	1.65325	10.5531	
9.12	0.254616	2.28786	0.582525	1.70534	11.6552	
9.6	0.236928	2.29598	0.543982	1.752	12.7835	
10.08	0.220469	2.30092	0.50728	1.79364	13.9341	
10.56	0.205153	2.3031	0.472487	1.83061	15.1036	
11.04	0.190901	2.30291	0.439628	1.86328	16.2886	
11.52	0.177639	2.30068	0.408691	1.89199	17.4862	
12	0.165299	2.29668	0.379638	1.91704	18.6935	
12.48	0.153816	2.29115	0.352415	1.93873	19.908	
12.96	0.14313	2.28429	0.326952	1.95734	21.1275	
13.44	0.133187	2.27629	0.303172	1.97311	22.3498	
13.92	0.123935	2.26728	0.280994	1.98628	23.573	
14.4	0.115325	2.25739	0.260334	1.99706	24.7954	
14.88	0.107314	2.24674	0.241105	2.00563	26.0153	
15.36	0.0998586	2.23541	0.223225	2.01218	27.2313	
15.84	0.0929215	2.22348	0.206609	2.01687	28.442	
16.32	0.0864663	2.21103	0.19118	2.01985	29.6463	
16.8	0.0804596	2.19811	0.176859	2.02125	30.843	
17.28	0.0748701	2.18476	0.163573	2.02119	32.0312	
17.76	0.069669	2.17103	0.151254	2.01978	33.2099	
18.24	0.0648291	2.15696	0.139834	2.01713	34.3782	
18.72	0.0603255	2.14258	0.129252	2.01333	35.5355	
19.2	0.0561348	2.12791	0.11945	2.00846	36.6811	
19.68	0.0522351	2.11298	0.110372	2.00261	37.8142	
20.16	0.0486064	2.0978	0.101967	1.99584	38.9344	
20.64	0.0452298	2.0824	0.0941866	1.98822	40.041	
21.12	0.0420877	2.06679	0.0869863	1.9798	41.1337	
21.6	0.0391639	2.05098	0.0803242	1.97065	42.212	
22.08	0.0364432	2.03498	0.074161	1.96081	43.2756	
22.56	0.0339115	2.0188	0.0684606	1.95034	44.324	
23.04	0.0315557	2.00245	0.0631889	1.93927	45.3569	
23.52	0.0293636	1.98595	0.0583147	1.92764	46.3741	
24	0.0273237	1.9693	0.0538085	1.91549	47.3753	
24.48	0.0254256	1.9525	0.0496434	1.90286	48.3603	
24.96	0.0236593	1.93556	0.045794	1.88977	49.3288	
25.44	0.0220157	1.9185	0.042237	1.87626	50.2807	
25.92	0.0204863	1.9013	0.0389506	1.86235	51.2159	
26.4	0.0190631	1.88399	0.0359148	1.84808	52.134	
26.88	0.0177388	1.86657	0.0331107	1.83346	53.0351	
27.36	0.0165065	1.84903	0.0305211	1.81851	53.9188	
27.84	0.0153598	1.8314	0.02813	1.80327	54.7849	
28.32	0.0142928	1.81367	0.0259224	1.78774	55.6328	
28.8	0.0132999	1.79584	0.0238845	1.77196	56.4615	
29.28	0.012376	1.77793	0.0220036	1.75593	57.2687	
29.76	0.0115162	1.75994	0.0202678	1.73967	58.0495	
30.24	0.0107162	1.74187	0.0186662	1.72321	58.7934	
30.72	0.00997174	1.72374	0.0171886	1.70655	59.479	
31.2	0.00927901	1.70553	0.0158257	1.68971	60.0665	
31.68	0.00863441	1.68727	0.0145686	1.6727	60.4952	
32.16	0.00803458	1.66896	0.0134094	1.65555	60.7041	
32.64	0.00747643	1.6506	0.0123406	1.63826	60.6781	
33.12	0.00695705	1.63219	0.0113552	1.62084	60.4645	
33.6	0.00647375	1.61375	0.010447	1.60331	60.135	
34.08	0.00602402	1.59528	0.00961001	1.58567	59.746	
34.56	0.00560554	1.57678	0.00883873	1.56795	59.3303	
35.04	0.00521613	1.55827	0.00812813	1.55014	58.9042	
35.52	0.00485377	1.53974	0.00747355	1.53227	58.4754	
36	0.00451658	1.5212	0.00687065	1.51433	58.0472	
36.48	0.00420282	1.50267	0.00631544	1.49635	57.6212	
36.96	0.00391085	1.48413	0.00580423	1.47833	57.1978	
37.44	0.00363917	1.46561	0.0053336	1.46028	56.7775	
37.92	0.00338636	1.4471	0.00490041	1.4422	56.3602	
38.4	0.00315111	1.42862	0.00450173	1.42411	55.946	
38.88	0.00293221	1.41016	0.00413487	1.40602	55.535	
39.36	0.00272851	1.39173	0.00379735	1.38793	55.127	
39.84	0.00253896	1.37335	0.00348687	1.36986	54.7221	
40.32	0.00236258	1.355	0.00320131	1.3518	54.3203	
40.8	0.00219846	1.33671	0.0029387	1.33377	53.9214	
41.28	0.00204573	1.31848	0.00269725	1.31578	53.5256	
41.76	0.00190362	1.3003	0.00247527	1.29782	53.1328	
42.24	0.00177137	1.28219	0.00227124	1.27992	52.743	
42.72	0.00164832	1.26415	0.00208373	1.26207	52.356	
43.2	0.00153381	1.2462	0.00191143	1.24428	51.972	
43.68	0.00142726	1.22832	0.00175313	1.22656	51.5909	
44.16	0.00132811	1.21053	0.00160771	1.20892	51.2127	
44.64	0.00123585	1.19283	0.00147415	1.19135	50.8373	
45.12	0.00114999	1.17523	0.0013515	1.17388	50.4648	
45.6	0.0010701	1.15773	0.00123889	1.15649	50.095	
46.08	0.000995764	1.14033	0.0011355	1.1392	49.7281	
46.56	0.000926589	1.12305	0.00104061	1.12201	49.3639	
47.04	0.00086222	1.10588	0.000953514	1.10493	49.0025	
47.52	0.000802322	1.08883	0.000873595	1.08796	48.6437	
48	0.000746586	1.07191	0.00080027	1.07111	48.2877	
nan	nan	nan	nan	nan	nan	
0	0.001	0.00639856	6.39856e-06	0.00639216	0	
0.48	0.0439485	0.335533	0.0147462	0.320787	0.0171023	
0.96	0.615254	0.623705	0.383737	0.239968	0.28715	
1.44	0.799161	0.884233	0.706645	0.177588	0.43194	
1.92	0.749637	1.11491	0.835781	0.279133	0.614318	
2.4	0.697674	1.3152	0.917581	0.397619	0.882484	
2.88	0.649209	1.48703	0.965394	0.521636	1.24348	
3.36	0.604109	1.63341	0.986761	0.646653	1.69913	
3.84	0.562142	1.75753	0.98798	0.769546	2.2483	
4.32	0.523091	1.86233	0.974168	0.888162	2.88778	
4.8	0.486752	1.95047	0.949393	1.00107	3.61301	
5.28	0.452938	2.02424	0.916854	1.10738	4.41855	
5.76	0.421473	2.08565	0.879043	1.2066	5.29844	
6.24	0.392193	2.13641	0.837887	1.29853	6.2465	
6.72	0.364948	2.17803	0.794867	1.38316	7.25652	
7.2	0.339596	2.21177	0.751107	1.46066	8.3224	
7.68	0.316004	2.23874	0.707451	1.53129	9.43823	
8.16	0.294052	2.25989	0.664524	1.59536	10.5984	
8.64	0.273624	2.27603	0.622776	1.65325	11.7976	
9.12	0.254616	2.28786	0.582525	1.70533	13.0307	
9.6	0.236928	2.29598	0.543982	1.752	14.2933	
10.08	0.220469	2.30092	0.50728	1.79364	15.5809	
10.56	0.205153	2.3031	0.472487	1.83061	16.8896	
11.04	0.190901	2.30291	0.439628	1.86328	18.2157	
11.52	0.177639	2.30068	0.408691	1.89199	19.5559	
12	0.165299	2.29668	0.379638	1.91704	20.907	
12.48	0.153816	2.29115	0.352415	1.93873	22.2662	
12.96	0.14313	2.28429	0.326952	1.95734	23.631	
13.44	0.133187	2.27629	0.303172	1.97311	24.9989	
13.92	0.123935	2.26728	0.280994	1.98628	26.3678	
14.4	0.115325	2.25739	0.260334	1.99706	27.7358	
14.88	0.107314	2.24674	0.241105	2.00563	29.1011	
15.36	0.0998586	2.23541	0.223225	2.01218	30.462	
15.84	0.0929215	2.22348	0.206609	2.01687	31.817	
16.32	0.0864663	2.21103	0.19118	2.01985	33.1648	
16.8	0.0804596	2.19811	0.176859	2.02125	34.5041	
17.28	0.0748701	2.18476	0.163573	2.02119	35.8338	
17.76	0.069669	2.17103	0.151254	2.01978	37.153	
18.24	0.0648291	2.15697	0.139834	2.01713	38.4606	
18.72	0.0603255	2.14258	0.129252	2.01333	39.7558	
19.2	0.0561348	2.12791	0.11945	2.00846	41.0378	
19.68	0.0522351	2.11298	0.110372	2.00261	42.306	
20.16	0.0486064	2.09781	0.101967	1.99584	43.5596	
20.64	0.0452298	2.0824	0.0941865	1.98822	44.7982	
21.12	0.0420877	2.06679	0.0869863	1.9798	46.0211	
21.6	0.0391639	2.05098	0.0803242	1.97065	47.2278	
22.08	0.0364432	2.03498	0.0741611	1.96082	48.4181	
22.56	0.0339115	2.0188	0.0684606	1.95034	49.5913	
23.04	0.0315557	2.00246	0.063189	1.93927	50.7473	
23.52	0.0293636	1.98595	0.0583147	1.92764	51.8857	
24	0.0273237	1.9693	0.0538086	1.91549	53.0061	
24.48	0.0254256	1.9525	0.0496434	1.90286	54.1084	
24.96	0.0236593	1.93556	0.0457941	1.88977	55.1923	
25.44	0.0220157	1.9185	0.042237	1.87626	56.2575	
25.92	0.0204863	1.90131	0.0389507	1.86235	57.304	
26.4	0.0190631	1.88399	0.0359148	1.84808	58.3315	
26.88	0.0177388	1.86657	0.0331107	1.83346	59.3398	
27.36	0.0165065	1.84904	0.0305211	1.81852	60.3287	
27.84	0.0153598	1.8314	0.02813	1.80327	61.2979	
28.32	0.0142928	1.81367	0.0259224	1.78775	62.2468	
28.8	0.0132999	1.79584	0.0238845	1.77196	63.1741	
29.28	0.012376	1.77793	0.0220036	1.75593	64.0773	
29.76	0.0115162	1.75994	0.0202678	1.73967	64.951	
30.24	0.0107162	1.74187	0.0186662	1.72321	65.7833	
30.72	0.00997174	1.72374	0.0171887	1.70655	66.5504	
31.2	0.00927901	1.70553	0.0158257	1.68971	67.2075	
31.68	0.00863441	1.68727	0.0145686	1.67271	67.6868	
32.16	0.00803458	1.66896	0.0134094	1.65555	67.9201	
32.64	0.00747643	1.6506	0.0123406	1.63826	67.8902	
33.12	0.00695705	1.63219	0.0113553	1.62084	67.6502	
33.6	0.00647375	1.61375	0.010447	1.60331	67.2804	
34.08	0.00602402	1.59528	0.00961002	1.58567	66.844	
34.56	0.00560554	1.57679	0.00883874	1.56795	66.3777	
35.04	0.00521613	1.55827	0.00812814	1.55014	65.8997	
35.52	0.00485377	1.53974	0.00747355	1.53227	65.4188	
36	0.00451658	1.52121	0.00687065	1.51434	64.9385	
36.48	0.00420282	1.50267	0.00631544	1.49635	64.4606	
36.96	0.00391085	1.48413	0.00580423	1.47833	63.9857	
37.44	0.00363917	1.46561	0.00533361	1.46028	63.5141	
37.92	0.00338636	1.4471	0.00490041	1.4422	63.0461	
38.4	0.00315111	1.42862	0.00450173	1.42412	62.5815	
38.88	0.00293221	1.41016	0.00413488	1.40602	62.1204	
39.36	0.00272851	1.39173	0.00379736	1.38794	61.6628	
39.84	0.00253896	1.37335	0.00348687	1.36986	61.2086	
40.32	0.00236258	1.355	0.00320131	1.3518	60.7578	
40.8	0.00219846	1.33671	0.0029387	1.33377	60.3105	
41.28	0.00204573	1.31848	0.00269725	1.31578	59.8665	
41.76	0.00190362	1.3003	0.00247527	1.29783	59.4258	
42.24	0.00177137	1.28219	0.00227124	1.27992	58.9885	
42.72	0.00164832	1.26416	0.00208373	1.26207	58.5545	
43.2	0.00153381	1.2462	0.00191143	1.24428	58.1237	
43.68	0.00142726	1.22832	0.00175313	1.22657	57.6963	
44.16	0.00132811	1.21053	0.00160771	1.20892	57.272	
44.64	0.00123585	1.19283	0.00147415	1.19136	56.8509	
45.12	0.00114999	1.17523	0.0013515	1.17388	56.433	
45.6	0.0010701	1.15773	0.00123889	1.15649	56.0183	
46.08	0.000995764	1.14033	0.0011355	1.1392	55.6066	
46.56	0.000926589	1.12305	0.00104061	1.12201	55.1981	
47.04	0.00086222	1.10588	0.000953514	1.10493	54.7927	
47.52	0.000802322	1.08883	0.000873595	1.08796	54.3903	
48	0.000746586	1.07191	0.00080027	1.07111	53.991	
nan	nan	nan	nan	nan	nan	
0	0.001	0.00639856	6.39856e-06	0.00639216	0	
0.48	0.0439485	0.335533	0.0147462	0.320787	0.0177757	
0.96	0.615254	0.623705	0.383737	0.239968	0.315608	
1.44	0.799161	0.884233	0.706645	0.177588	0.474768	
1.92	0.749637	1.11491	0.835782	0.279133	0.675555	
2.4	0.697674	1.3152	0.917581	0.397619	0.971329	
2.88	0.649209	1.48703	0.965394	0.521636	1.36989	
3.36	0.604109	1.63341	0.986761	0.646653	1.87325	
3.84	0.562142	1.75753	0.98798	0.769546	2.48016	
4.32	0.523091	1.86233	0.974168	0.888162	3.18706	
4.8	0.486752	1.95047	0.949393	1.00107	3.98892	
5.28	0.452938	2.02424	0.916854	1.10738	4.87969	
5.76	0.421473	2.08565	0.879043	1.2066	5.85278	
6.24	0.392193	2.13641	0.837887	1.29853	6.90137	
6.72	0.364948	2.17803	0.794867	1.38316	8.01855	
7.2	0.339596	2.21177	0.751107	1.46066	9.19759	
7.68	0.316004	2.23874	0.707451	1.53129	10.4319	
8.16	0.294052	2.25989	0.664524	1.59536	11.7154	
8.64	0.273624	2.27603	0.622776	1.65325	13.042	
9.12	0.254616	2.28786	0.582525	1.70533	14.4063	
9.6	0.236928	2.29598	0.543982	1.752	15.8032	
10.08	0.220469	2.30091	0.507279	1.79363	17.2278	
10.56	0.205153	2.3031	0.472487	1.83061	18.6757	
11.04	0.190901	2.30291	0.439628	1.86328	20.1429	
11.52	0.177639	2.30068	0.408691	1.89199	21.6257	
12	0.165299	2.29668	0.379639	1.91704	23.1205	
12.48	0.153816	2.29115	0.352415	1.93874	24.6244	
12.96	0.14313	2.2843	0.326952	1.95734	26.1345	
13.44	0.133187	2.27629	0.303173	1.97312	27.648	
13.92	0.123935	2.26728	0.280995	1.98629	29.1627	
14.4	0.115325	2.25739	0.260334	1.99706	30.6763	
14.88	0.107314	2.24674	0.241106	2.00564	32.1869	
15.36	0.0998586	2.23541	0.223225	2.01219	33.6927	
15.84	0.0929215	2.22349	0.20661	2.01688	35.192	
16.32	0.0864663	2.21103	0.19118	2.01985	36.6833	
16.8	0.0804596	2.19811	0.176859	2.02125	38.1652	
17.28	0.0748701	2.18476	0.163573	2.02119	39.6365	
17.76	0.069669	2.17104	0.151254	2.01978	41.0961	
18.24	0.0648291	2.15697	0.139834	2.01713	42.543	
18.72	0.0603255	2.14258	0.129252	2.01333	43.9761	
19.2	0.0561348	2.12792	0.11945	2.00847	45.3946	
19.68	0.0522351	2.11298	0.110372	2.00261	46.7977	
20.16	0.0486064	2.09781	0.101967	1.99584	48.1848	
20.64	0.0452298	2.0824	0.0941866	1.98822	49.5552	
21.12	0.0420877	2.06679	0.0869864	1.9798	50.9083	
21.6	0.0391639	2.05098	0.0803242	1.97065	52.2436	
22.08	0.0364432	2.03498	0.0741611	1.96081	53.5605	
22.56	0.0339115	2.0188	0.0684606	1.95034	54.8587	
23.04	0.0315557	2.00246	0.0631889	1.93927	56.1377	
23.52	0.0293636	1.98595	0.0583147	1.92764	57.3972	
24	0.0273237	1.9693	0.0538085	1.91549	58.6369	
24.48	0.0254256	1.9525	0.0496434	1.90286	59.8565	
24.96	0.0236593	1.93556	0.045794	1.88977	61.0557	
25.44	0.0220157	1.9185	0.042237	1.87626	62.2344	
25.92	0.0204863	1.9013	0.0389506	1.86235	63.3922	
26.4	0.0190631	1.88399	0.0359148	1.84808	64.529	
26.88	0.0177388	1.86657	0.0331107	1.83346	65.6445	
27.36	0.0165065	1.84903	0.0305211	1.81851	66.7386	
27.84	0.0153598	1.8314	0.02813	1.80327	67.8109	
28.32	0.0142928	1.81367	0.0259224	1.78774	68.8607	
28.8	0.0132999	1.79584	0.0238845	1.77196	69.8867	
29.28	0.012376	1.77793	0.0220036	1.75593	70.8859	
29.76	0.0115162	1.75994	0.0202678	1.73967	71.8525	
30.24	0.0107162	1.74187	0.0186662	1.72321	72.7733	
30.72	0.00997174	1.72374	0.0171887	1.70655	73.6218	
31.2	0.00927901	1.70553	0.0158257	1.68971	74.3487	
31.68	0.00863441	1.68727	0.0145686	1.67271	74.8787	
32.16	0.00803458	1.66896	0.0134094	1.65555	75.1362	
32.64	0.00747643	1.6506	0.0123406	1.63826	75.1024	
33.12	0.00695705	1.63219	0.0113553	1.62084	74.836	
33.6	0.00647375	1.61375	0.010447	1.60331	74.4259	
34.08	0.00602402	1.59528	0.00961001	1.58567	73.942	
34.56	0.00560554	1.57679	0.00883873	1.56795	73.425	
35.04	0.00521613	1.55827	0.00812814	1.55014	72.8952	
35.52	0.00485377	1.53974	0.00747355	1.53227	72.362	
36	0.00451658	1.52121	0.00687065	1.51434	71.8297	
36.48	0.00420282	1.50267	0.00631544	1.49635	71.2999	
36.96	0.00391085	1.48413	0.00580423	1.47833	70.7735	
37.44	0.00363917	1.46561	0.00533361	1.46028	70.2508	
37.92	0.00338636	1.4471	0.00490041	1.4422	69.732	
38.4	0.00315111	1.42862	0.00450173	1.42412	69.217	
38.88	0.00293221	1.41016	0.00413488	1.40602	68.7059	
39.36	0.00272851	1.39173	0.00379736	1.38794	68.1986	
39.84	0.00253896	1.37335	0.00348687	1.36986	67.6951	
40.32	0.00236258	1.355	0.00320131	1.3518	67.1954	
40.8	0.00219846	1.33671	0.0029387	1.33377	66.6995	
41.28	0.00204573	1.31848	0.00269725	1.31578	66.2074	
41.76	0.00190362	1.3003	0.00247527	1.29783	65.7189	
42.24	0.00177137	1.28219	0.00227124	1.27992	65.2342	
42.72	0.00164832	1.26416	0.00208373	1.26207	64.753	
43.2	0.00153381	1.2462	0.00191143	1.24428	64.2756	
43.68	0.00142726	1.22832	0.00175313	1.22657	63.8017	
44.16	0.00132811	1.21053	0.00160771	1.20892	63.3314	
44.64	0.00123585	1.19283	0.00147415	1.19136	62.8646	
45.12	0.00114999	1.17523	0.0013515	1.17388	62.4013	
45.6	0.0010701	1.15773	0.00123889	1.15649	61.9416	
46.08	0.000995764	1.14033	0.0011355	1.1392	61.4853	
46.56	0.000926589	1.12305	0.00104061	1.12201	61.0325	
47.04	0.00086222	1.10588	0.000953514	1.10493	60.583	
47.52	0.000802322	1.08883	0.000873595	1.08796	60.137	
48	0.000746586	1.07191	0.00080027	1.07111	59.6943	
nan	nan	nan	nan	nan	nan	
0	0.001	0.00639856	6.39856e-06	0.00639216	0	
0.48	0.0439485	0.335533	0.0147462	0.320787	0.0184491	
0.96	0.615254	0.623705	0.383737	0.239968	0.344065	
1.44	0.799161	0.884233	0.706645	0.177588	0.517597	
1.92	0.749637	1.11491	0.835782	0.279133	0.736793	
2.4	0.697674	1.3152	0.917581	0.397619	1.06017	
2.88	0.649209	1.48703	0.965394	0.521636	1.49629	
3.36	0.604109	1.63341	0.986761	0.646654	2.04737	
3.84	0.562142	1.75753	0.98798	0.769546	2.71202	
4.32	0.523091	1.86233	0.974168	0.888162	3.48635	
4.8	0.486752	1.95047	0.949394	1.00107	4.36483	
5.28	0.452938	2.02424	0.916854	1.10738	5.34083	
5.76	0.421473	2.08565	0.879043	1.2066	6.40713	
6.24	0.392193	2.13641	0.837888	1.29853	7.55624	
6.72	0.364948	2.17803	0.794868	1.38316	8.78059	
7.2	0.339596	2.21177	0.751108	1.46066	10.0728	
7.68	0.316004	2.23874	0.707452	1.53129	11.4257	
8.16	0.294052	2.25989	0.664525	1.59537	12.8324	
8.64	0.273624	2.27603	0.622777	1.65325	14.2865	
9.12	0.254616	2.28786	0.582525	1.70534	15.7819	
9.6	0.236928	2.29598	0.543982	1.752	17.313	
10.08	0.220469	2.30092	0.50728	1.79364	18.8746	
10.56	0.205153	2.3031	0.472487	1.83061	20.4617	
11.04	0.190901	2.30291	0.439628	1.86328	22.07	
11.52	0.177639	2.30068	0.408691	1.89199	23.6954	
12	0.165299	2.29668	0.379638	1.91704	25.3341	
12.48	0.153816	2.29115	0.352415	1.93873	26.9827	
12.96	0.14313	2.28429	0.326951	1.95734	28.638	
13.44	0.133187	2.27629	0.303172	1.97311	30.2971	
13.92	0.123935	2.26728	0.280994	1.98628	31.9575	
14.4	0.115325	2.25739	0.260334	1.99706	33.6168	
14.88	0.107314	2.24674	0.241105	2.00563	35.2728	
15.36	0.0998586	2.23541	0.223225	2.01218	36.9234	
15.84	0.0929215	2.22348	0.206609	2.01687	38.567	
16.32	0.0864663	2.21103	0.19118	2.01985	40.2018	
16.8	0.0804596	2.1981	0.176859	2.02125	41.8263	
17.28	0.0748701	2.18476	0.163573	2.02119	43.4392	
17.76	0.069669	2.17103	0.151254	2.01978	45.0393	
18.24	0.0648291	2.15696	0.139834	2.01713	46.6253	
18.72	0.0603255	2.14258	0.129252	2.01333	48.1963	
19.2	0.0561348	2.12791	0.11945	2.00846	49.7513	
19.68	0.0522351	2.11298	0.110372	2.00261	51.2895	
20.16	0.0486064	2.0978	0.101967	1.99584	52.8101	
20.64	0.0452298	2.0824	0.0941866	1.98822	54.3123	
21.12	0.0420877	2.06679	0.0869863	1.9798	55.7956	
21.6	0.0391639	2.05098	0.0803242	1.97065	57.2593	
22.08	0.0364432	2.03498	0.074161	1.96081	58.7029	
22.56	0.0339115	2.0188	0.0684606	1.95034	60.126	
23.04	0.0315557	2.00245	0.0631889	1.93927	61.5281	
23.52	0.0293636	1.98595	0.0583147	1.92764	62.9088	
24	0.0273237	1.9693	0.0538085	1.91549	64.2677	
24.48	0.0254256	1.9525	0.0496434	1.90286	65.6046	
24.96	0.0236593	1.93556	0.045794	1.88977	66.9192	
25.44	0.0220157	1.9185	0.042237	1.87626	68.2112	
25.92	0.0204863	1.9013	0.0389506	1.86235	69.4803	
26.4	0.0190631	1.88399	0.0359148	1.84808	70.7264	
26.88	0.0177388	1.86657	0.0331107	1.83346	71.9493	
27.36	0.0165065	1.84903	0.0305211	1.81851	73.1486	
27.84	0.0153598	1.8314	0.02813	1.80327	74.324	
28.32	0.0142928	1.81367	0.0259224	1.78774	75.4747	
28.8	0.0132999	1.79584	0.0238845	1.77196	76.5992	
29.28	0.012376	1.77793	0.0220036	1.75593	77.6946	
29.76	0.0115162	1.75994	0.0202678	1.73967	78.7539	
30.24	0.0107162	1.74187	0.0186662	1.72321	79.7632	
30.72	0.00997174	1.72374	0.0171887	1.70655	80.6932	
31.2	0.00927901	1.70553	0.0158257	1.68971	81.4896	
31.68	0.00863441	1.68727	0.0145686	1.67271	82.0702	
32.16	0.00803458	1.66896	0.0134094	1.65555	82.3522	
32.64	0.00747643	1.6506	0.0123406	1.63826	82.3144	
33.12	0.00695705	1.63219	0.0113553	1.62084	82.0216	
33.6	0.00647375	1.61375	0.010447	1.60331	81.5712	
34.08	0.00602402	1.59528	0.00961002	1.58567	81.0398	
34.56	0.00560554	1.57679	0.00883874	1.56795	80.4722	
35.04	0.00521613	1.55827	0.00812814	1.55014	79.8905	
35.52	0.00485377	1.53974	0.00747355	1.53227	79.3051	
36	0.00451658	1.52121	0.00687065	1.51434	78.7206	
36.48	0.00420282	1.50267	0.00631544	1.49635	78.1389	
36.96	0.00391085	1.48413	0.00580423	1.47833	77.561	
37.44	0.00363917	1.46561	0.00533361	1.46028	76.9871	
37.92	0.00338636	1.4471	0.00490041	1.4422	76.4175	
38.4	0.00315111	1.42862	0.00450173	1.42412	75.8521	
38.88	0.00293221	1.41016	0.00413488	1.40602	75.2909	
39.36	0.00272851	1.39173	0.00379736	1.38794	74.7339	
39.84	0.00253896	1.37335	0.00348687	1.36986	74.1812	
40.32	0.00236258	1.355	0.00320131	1.3518	73.6326	
40.8	0.00219846	1.33671	0.0029387	1.33377	73.0881	
41.28	0.00204573	1.31848	0.00269725	1.31578	72.5478	
41.76	0.00190362	1.3003	0.00247527	1.29783	72.0115	
42.24	0.00177137	1.28219	0.00227124	1.27992	71.4793	
42.72	0.00164832	1.26416	0.00208373	1.26207	70.9511	
43.2	0.00153381	1.2462	0.00191143	1.24428	70.4268	
43.68	0.00142726	1.22832	0.00175313	1.22657	69.9066	
44.16	0.00132811	1.21053	0.00160771	1.20892	69.3902	
44.64	0.00123585	1.19283	0.00147415	1.19136	68.8778	
45.12	0.00114999	1.17523	0.0013515	1.17388	68.3692	
45.6	0.0010701	1.15773	0.00123889	1.15649	67.8644	
46.08	0.000995764	1.14033	0.0011355	1.1392	67.3634	
46.56	0.000926589	1.12305	0.00104061	1.12201	66.8663	
47.04	0.00086222	1.10588	0.000953515	1.10493	66.3728	
47.52	0.000802322	1.08883	0.000873596	1.08796	65.8831	
48	0.000746586	1.07191	0.000800271	1.07111	65.3971	
nan	nan	nan	nan	nan	nan	
0	0.001	0.00639856	6.39856e-06	0.00639216	0	
0.48	0.0439485	0.335533	0.0147462	0.320787	0.0191226	
0.96	0.615254	0.623705	0.383737	0.239968	0.372522	
1.44	0.799161	0.884233	0.706645	0.177588	0.560427	
1.92	0.749637	1.11491	0.835781	0.279133	0.798029	
2.4	0.697674	1.3152	0.917581	0.397619	1.14902	
2.88	0.649209	1.48703	0.965394	0.521636	1.6227	
3.36	0.604109	1.63341	0.986761	0.646653	2.22149	
3.84	0.562142	1.75753	0.98798	0.769546	2.94387	
4.32	0.523091	1.86233	0.974168	0.888162	3.78563	
4.8	0.486752	1.95047	0.949393	1.00107	4.74073	
5.28	0.452938	2.02424	0.916854	1.10738	5.80196	
5.76	0.421473	2.08565	0.879043	1.2066	6.96148	
6.24	0.392193	2.13641	0.837887	1.29853	8.2111	
6.72	0.364948	2.17803	0.794867	1.38316	9.54262	
7.2	0.339596	2.21177	0.751107	1.46066	10.948	
7.68	0.316004	2.23874	0.707451	1.53129	12.4194	
8.16	0.294052	2.25989	0.664524	1.59536	13.9493	
8.64	0.273624	2.27603	0.622776	1.65325	15.5309	
9.12	0.254616	2.28786	0.582525	1.70533	17.1574	
9.6	0.236928	2.29598	0.543982	1.752	18.8228	
10.08	0.220469	2.30092	0.50728	1.79364	20.5213	
10.56	0.205153	2.3031	0.472487	1.83061	22.2477	
11.04	0.190901	2.30291	0.439628	1.86328	23.9971	
11.52	0.177639	2.30068	0.408691	1.89199	25.7651	
12	0.165299	2.29668	0.379638	1.91704	27.5476	
12.48	0.153816	2.29115	0.352415	1.93873	29.3408	
12.96	0.14313	2.28429	0.326951	1.95734	31.1414	
13.44	0.133187	2.27629	0.303172	1.97311	32.9462	
13.92	0.123935	2.26728	0.280994	1.98628	34.7523	
14.4	0.115325	2.25739	0.260334	1.99706	36.5572	
14.88	0.107314	2.24674	0.241105	2.00563	38.3586	
15.36	0.0998586	2.23541	0.223225	2.01218	40.1541	
15.84	0.0929215	2.22348	0.206609	2.01687	41.9419	
16.32	0.0864663	2.21103	0.19118	2.01985	43.7202	
16.8	0.0804596	2.1981	0.176859	2.02125	45.4874	
17.28	0.0748701	2.18476	0.163573	2.02119	47.2419	
17.76	0.069669	2.17103	0.151254	2.01978	48.9824	
18.24	0.0648291	2.15696	0.139834	2.01713	50.7077	
18.72	0.0603255	2.14258	0.129252	2.01333	52.4166	
19.2	0.0561348	2.12791	0.11945	2.00846	54.1081	
19.68	0.0522351	2.11298	0.110372	2.00261	55.7813	
20.16	0.0486064	2.09781	0.101967	1.99584	57.4353	
20.64	0.0452298	2.0824	0.0941866	1.98822	59.0694	
21.12	0.0420877	2.06679	0.0869864	1.9798	60.6829	
21.6	0.0391639	2.05098	0.0803242	1.97065	62.275	
22.08	0.0364432	2.03498	0.0741611	1.96081	63.8454	
22.56	0.0339115	2.0188	0.0684606	1.95034	65.3934	
23.04	0.0315557	2.00245	0.0631889	1.93927	66.9185	
23.52	0.0293636	1.98595	0.0583147	1.92764	68.4204	
24	0.0273237	1.9693	0.0538085	1.91549	69.8986	
24.48	0.0254256	1.9525	0.0496434	1.90286	71.3528	
24.96	0.0236593	1.93556	0.045794	1.88977	72.7827	
25.44	0.0220157	1.9185	0.042237	1.87626	74.188	
25.92	0.0204863	1.90131	0.0389507	1.86236	75.5685	
26.4	0.0190631	1.88399	0.0359148	1.84808	76.9239	
26.88	0.0177388	1.86657	0.0331107	1.83346	78.254	
27.36	0.0165065	1.84904	0.0305212	1.81852	79.5585	
27.84	0.0153598	1.8314	0.02813	1.80327	80.837	
28.32	0.0142928	1.81367	0.0259224	1.78775	82.0886	
28.8	0.0132999	1.79584	0.0238845	1.77196	83.3118	
29.28	0.012376	1.77793	0.0220036	1.75593	84.5031	
29.76	0.0115162	1.75994	0.0202678	1.73967	85.6554	
30.24	0.0107162	1.74187	0.0186662	1.72321	86.7532	
30.72	0.00997174	1.72374	0.0171887	1.70655	87.7646	
31.2	0.00927901	1.70553	0.0158257	1.68971	88.6309	
31.68	0.00863441	1.68727	0.0145686	1.67271	89.2622	
32.16	0.00803458	1.66896	0.0134094	1.65555	89.5683	
32.64	0.00747643	1.6506	0.0123406	1.63826	89.5267	
33.12	0.00695705	1.63219	0.0113553	1.62084	89.2074	
33.6	0.00647375	1.61375	0.010447	1.60331	88.7167	
34.08	0.00602402	1.59528	0.00961002	1.58567	88.1379	
34.56	0.00560554	1.57679	0.00883874	1.56795	87.5196	
35.04	0.00521613	1.55827	0.00812814	1.55014	86.8861	
35.52	0.00485377	1.53974	0.00747355	1.53227	86.2486	
36	0.00451658	1.52121	0.00687065	1.51434	85.6119	
36.48	0.00420282	1.50267	0.00631544	1.49635	84.9785	
36.96	0.00391085	1.48413	0.00580423	1.47833	84.349	
37.44	0.00363917	1.46561	0.00533361	1.46028	83.724	
37.92	0.00338636	1.4471	0.00490041	1.4422	83.1036	
38.4	0.00315111	1.42862	0.00450173	1.42412	82.4878	
38.88	0.00293221	1.41016	0.00413488	1.40602	81.8766	
39.36	0.00272851	1.39173	0.00379736	1.38794	81.27	
39.84	0.00253896	1.37335	0.00348687	1.36986	80.6679	
40.32	0.00236258	1.355	0.00320131	1.3518	80.0704	
40.8	0.00219846	1.33671	0.0029387	1.33377	79.4774	
41.28	0.00204573	1.31848	0.00269725	1.31578	78.8889	
41.76	0.00190362	1.3003	0.00247527	1.29783	78.3048	
42.24	0.00177137	1.28219	0.00227124	1.27992	77.7251	
42.72	0.00164832	1.26416	0.00208373	1.26207	77.1498	
43.2	0.00153381	1.2462	0.00191143	1.24428	76.5789	
43.68	0.00142726	1.22832	0.00175313	1.22657	76.0122	
44.16	0.00132811	1.21053	0.00160771	1.20892	75.4498	
44.64	0.00123585	1.19283	0.00147415	1.19136	74.8916	
45.12	0.00114999	1.17523	0.0013515	1.17388	74.3377	
45.6	0.0010701	1.15773	0.00123889	1.15649	73.7879	
46.08	0.000995764	1.14033	0.0011355	1.1392	73.2423	
46.56	0.000926589	1.12305	0.00104061	1.12201	72.7008	
47.04	0.00086222	1.10588	0.000953514	1.10493	72.1634	
47.52	0.000802322	1.08883	0.000873595	1.08796	71.63	
48	0.000746586	1.07191	0.00080027	1.07111	71.1007	
nan	nan	nan	nan	nan	nan	
0	0.001	0.00639856	6.39856e-06	0.00639216	0	
0.48	0.0439485	0.335533	0.0147462	0.320787	0.0197961	
0.96	0.615254	0.623705	0.383737	0.239968	0.40098	
1.44	0.799161	0.884233	0.706645	0.177588	0.603255	
1.92	0.749637	1.11491	0.835782	0.279133	0.859267	
2.4	0.697674	1.3152	0.917581	0.397619	1.23786	
2.88	0.649209	1.48703	0.965394	0.521636	1.74911	
3.36	0.604109	1.63341	0.986761	0.646654	2.39561	
3.84	0.562142	1.75753	0.98798	0.769546	3.17574	
4.32	0.523091	1.86233	0.974168	0.888162	4.08492	
4.8	0.486752	1.95047	0.949394	1.00107	5.11664	
5.28	0.452938	2.02424	0.916854	1.10738	6.26311	
5.76	0.421473	2.08565	0.879043	1.2066	7.51583	
6.24	0.392193	2.13641	0.837888	1.29853	8.86597	
6.72	0.364948	2.17803	0.794868	1.38316	10.3047	
7.2	0.339596	2.21177	0.751107	1.46066	11.8232	
7.68	0.316004	2.23874	0.707452	1.53129	13.4131	
8.16	0.294052	2.25989	0.664525	1.59537	15.0664	
8.64	0.273624	2.27603	0.622777	1.65325	16.7754	
9.12	0.254616	2.28786	0.582526	1.70534	18.533	
9.6	0.236928	2.29599	0.543983	1.752	20.3327	
10.08	0.220469	2.30092	0.50728	1.79364	22.1682	
10.56	0.205153	2.3031	0.472487	1.83061	24.0338	
11.04	0.190901	2.30291	0.439628	1.86328	25.9243	
11.52	0.177639	2.30068	0.408691	1.89199	27.8349	
12	0.165299	2.29668	0.379638	1.91704	29.7612	
12.48	0.153816	2.29115	0.352415	1.93873	31.6991	
12.96	0.14313	2.28429	0.326951	1.95734	33.6449	
13.44	0.133187	2.27629	0.303172	1.97311	35.5953	
13.92	0.123935	2.26728	0.280994	1.98628	37.5472	
14.4	0.115325	2.25739	0.260334	1.99706	39.4978	
14.88	0.107314	2.24674	0.241105	2.00563	41.4444	
15.36	0.0998586	2.23541	0.223225	2.01218	43.3849	
15.84	0.0929215	2.22348	0.206609	2.01687	45.317	
16.32	0.0864663	2.21103	0.19118	2.01985	47.2388	
16.8	0.0804596	2.1981	0.176859	2.02125	49.1485	
17.28	0.0748701	2.18476	0.163573	2.02119	51.0446	
17.76	0.069669	2.17103	0.151254	2.01978	52.9256	
18.24	0.0648291	2.15696	0.139834	2.01713	54.7901	
18.72	0.0603255	2.14258	0.129252	2.01333	56.6369	
19.2	0.0561348	2.12791	0.11945	2.00846	58.4649	
19.68	0.0522351	2.11298	0.110372	2.00261	60.2731	
20.16	0.0486064	2.0978	0.101967	1.99584	62.0606	
20.64	0.0452298	2.0824	0.0941865	1.98822	63.8265	
21.12	0.0420877	2.06679	0.0869863	1.9798	65.5702	
21.6	0.0391639	2.05098	0.0803242	1.97065	67.2908	
22.08	0.0364432	2.03498	0.074161	1.96081	68.9879	
22.56	0.0339115	2.0188	0.0684606	1.95034	70.6607	
23.04	0.0315557	2.00245	0.0631889	1.93927	72.3089	
23.52	0.0293636	1.98595	0.0583147	1.92764	73.9319	
24	0.0273237	1.9693	0.0538085	1.91549	75.5293	
24.48	0.0254256	1.9525	0.0496434	1.90286	77.1009	
24.96	0.0236593	1.93556	0.045794	1.88977	78.6461	
25.44	0.0220157	1.9185	0.042237	1.87626	80.1648	
25.92	0.0204863	1.9013	0.0389506	1.86235	81.6566	
26.4	0.0190631	1.88399	0.0359148	1.84808	83.1214	
26.88	0.0177388	1.86657	0.0331107	1.83346	84.5588	
27.36	0.0165065	1.84903	0.0305211	1.81851	85.9684	
27.84	0.0153598	1.8314	0.02813	1.80327	87.35	
28.32	0.0142928	1.81367	0.0259224	1.78774	88.7025	
28.8	0.0132999	1.79584	0.0238845	1.77196	90.0243	
29.28	0.012376	1.77793	0.0220036	1.75593	91.3117	
29.76	0.0115162	1.75994	0.0202678	1.73967	92.5569	
30.24	0.0107162	1.74187	0.0186662	1.72321	93.7431	
30.72	0.00997174	1.72374	0.0171887	1.70655	94.836	
31.2	0.00927901	1.70553	0.0158257	1.68971	95.772	
31.68	0.00863441	1.68727	0.0145686	1.67271	96.4539	
32.16	0.00803458	1.66896	0.0134094	1.65555	96.7843	
32.64	0.00747643	1.6506	0.0123406	1.63826	96.7388	
33.12	0.00695705	1.63219	0.0113553	1.62084	96.3931	
33.6	0.00647375	1.61375	0.010447	1.60331	95.8621	
34.08	0.00602402	1.59528	0.00961001	1.58567	95.2359	
34.56	0.00560554	1.57679	0.00883873	1.56795	94.5669	
35.04	0.00521613	1.55827	0.00812814	1.55014	93.8815	
35.52	0.00485377	1.53974	0.00747355	1.53227	93.1917	
36	0.00451658	1.52121	0.00687065	1.51434	92.503	
36.48	0.00420282	1.50267	0.00631544	1.49635	91.8177	
36.96	0.00391085	1.48413	0.00580423	1.47833	91.1368	
37.44	0.00363917	1.46561	0.00533361	1.46028	90.4606	
37.92	0.00338636	1.4471	0.00490041	1.4422	89.7894	
38.4	0.00315111	1.42862	0.00450173	1.42412	89.1231	
38.88	0.00293221	1.41016	0.00413488	1.40602	88.4619	
39.36	0.00272851	1.39173	0.00379736	1.38794	87.8056	
39.84	0.00253896	1.37335	0.00348687	1.36986	87.1543	
40.32	0.00236258	1.355	0.00320131	1.3518	86.5079	
40.8	0.00219846	1.33671	0.0029387	1.33377	85.8663	
41.28	0.00204573	1.31848	0.00269725	1.31578	85.2296	
41.76	0.00190362	1.3003	0.00247527	1.29783	84.5977	
42.24	0.00177137	1.28219	0.00227124	1.27992	83.9706	
42.72	0.00164832	1.26416	0.00208373	1.26207	83.3482	
43.2	0.00153381	1.2462	0.00191143	1.24429	82.7305	
43.68	0.00142726	1.22832	0.00175313	1.22657	82.1174	
44.16	0.00132811	1.21053	0.00160771	1.20892	81.509	
44.64	0.00123585	1.19283	0.00147416	1.19136	80.9051	
45.12	0.00114999	1.17523	0.00135151	1.17388	80.3058	
45.6	0.0010701	1.15773	0.00123889	1.15649	79.7111	
46.08	0.000995764	1.14034	0.00113551	1.1392	79.1208	
46.56	0.000926589	1.12305	0.00104061	1.12201	78.5349	
47.04	0.00086222	1.10588	0.000953515	1.10493	77.9535	
47.52	0.000802322	1.08883	0.000873596	1.08796	77.3765	
48	0.000746586	1.07191	0.000800271	1.07111	76.8038	
nan	nan	nan	nan	nan	nan	
